Product Family,Parent SKU,Variant,Color,Pack,ASIN,Amazon SKU,UPC,FNSKU,Status
18" Semi Truck Steering Wheel Cover,SEMI-SWC-18 (parent),Black,Black,1-Pack,B0F9FTG6H1,BLK-SEMI-SWC-18--stickerless,860014053924,B0F9FTG6H1,Active
18" Semi Truck Steering Wheel Cover,SEMI-SWC-18 (parent),Brown,Brown,1-Pack,B0F9FQ64VL,BRN-SEMI-SWC-18--stickerless,860014053931,B0F9FQ64VL,Active
18" Semi Truck Steering Wheel Cover,SEMI-SWC-18 (parent),Brown (alt),Brown,1-Pack,B0F9FRRWY1,TAN-RV-SWC-18-,860014053955,,Active - SKU mislabeled
18" Semi Truck Steering Wheel Cover,SEMI-SWC-18 (parent),Carbon Red,Carbon Red,1-Pack,B0GTMNFLM3,SEMI-SWC-18-BLKRED-STKLS,,X0051OGUDR,Active
18" Semi Truck Steering Wheel Cover,SEMI-SWC-18 (parent),Carbon Orange,Carbon Orange,1-Pack,B0GTMZTNQQ,SEMI-SWC-18-BLKBRN-STKLS,,X0051OH4LJ,Active - SKU mislabeled
18" Semi Truck Steering Wheel Cover,SEMI-SWC-18 (parent),Carbon Blue,Carbon Blue,1-Pack,B0GTMSSW52,SEMI-SWC-18-BLKBLU-STKLS,,X0051ODLP7,Active
15" Carbon Fiber D-Shaped Steering Wheel Cover,(standalone),Black D-shape,Black,1-Pack,B0FVYJS213,BLK-CAR-SWC-15-D,199874898483,,Active
Semi Truck Beaded Seat Cover,PARENT-SEMI-BSC,Black 1-Pack,Black,1-Pack,B0DB2LDWPG,VYB_SKM_10,198715750850,B0DB2LDWPG,Active - migration
Semi Truck Beaded Seat Cover,PARENT-SEMI-BSC,Black 2-Pack,Black,2-Pack,B0FR7FMGB5,2PACK-SEMI-BSC-BLK-stickerless,,B0FR7FMGB5,Active - migration
Semi Truck Beaded Seat Cover,PARENT-SEMI-BSC,Wine Red 1-Pack,Wine Red,1-Pack,X0054WIBA1,,,X0054WIBA1,Active - migration
Semi Truck Beaded Seat Cover,PARENT-SEMI-BSC,Wine Red 2-Pack,Wine Red,2-Pack,X0054X6DLJ,,,X0054X6DLJ,Active - migration
Semi Truck Beaded Seat Cover,PARENT-SEMI-BSC,Dark Grey 1-Pack,Dark Grey,1-Pack,X0054X9KNR,,,X0054X9KNR,Active - migration
Semi Truck Beaded Seat Cover,PARENT-SEMI-BSC,Dark Grey 2-Pack,Dark Grey,2-Pack,X0054X1PPN,,,X0054X1PPN,Active - migration
Semi Truck Beaded Seat Cover,PARENT-SEMI-BSC,Coffee 1-Pack,Coffee,1-Pack,X0054X4HKX,,,X0054X4HKX,Active - migration
Semi Truck Beaded Seat Cover,PARENT-SEMI-BSC,Coffee 2-Pack,Coffee,2-Pack,X0054X67KL,,,X0054X67KL,Active - migration
Semi Truck Beaded Seat Cover,PARENT-SEMI-BSC,Blue 1-Pack,Blue,1-Pack,X0054WIB0L,,,X0054WIB0L,Active - migration
Semi Truck Beaded Seat Cover,PARENT-SEMI-BSC,Blue 2-Pack,Blue,2-Pack,X0054X6A8Z,,,X0054X6A8Z,Active - migration
Car Beaded Seat Cover,CAR-BSC (parent),Royal Black 1-Pack,Royal Black,1-Pack,B0CFCQK58F,VY-001-BLK,197644304929,,Active
Car Beaded Seat Cover,CAR-BSC (parent),Royal Black 2-Pack,Royal Black,2-Pack,B0FR71W5XP,2PACK-CAR-BSC-BLK,199284217454,,Active
Perforated Suede Seat Cushion (Cars),CAR-ASC (parent),Black 1-Pack,Black,1-Pack,B0FR66QS19,1PACK-CAR-ASC-BLK,860014053979,,Active
Perforated Suede Seat Cushion (Cars),CAR-ASC (parent),Black 2-Pack,Black,2-Pack,B0FR81LQCV,2PACK-CAR-ASC-BLK,860014053986,,Active
RV Captain Seat Cover,(standalone),Tan Beaded 2-Pack,Tan,2-Pack,B0FFN8WC94,RV-TAN-BSC-2U-0,860014053962,,Active
